{"train_ressiduals_transformed": {"count": 1632.0, "mean": -0.00034631510467234716, "std": 0.057716170453194486, "min": -0.28164766753674897, "25%": -0.03023129194512686, "50%": -0.0015300736644672241, "75%": 0.025666226689542437, "max": 0.35114774628198475}, "test_ressiduals_transformed": {"count": 181.0, "mean": -3.1380592969282834, "std": 2.0077399737076296, "min": -6.096285689934671, "25%": -5.08780849038023, "50%": -3.3228120511881976, "75%": -1.0556096841353124, "max": -0.03254903047083957}, "train_ressiduals_real": {"count": 1632.0, "mean": 2.875620437729582, "std": 136.04235551204613, "min": -838.0887682800349, "25%": -33.3512167701615, "50%": 1.1270647098481277, "75%": 40.4838190013071, "max": 1184.7977750311402}, "test_ressiduals_real": {"count": 181.0, "mean": 20219.295585540032, "std": 15599.215683287235, "min": 99.19260041820598, "25%": 4267.1422400639, "50%": 19075.26158859124, "75%": 35261.235307855066, "max": 47071.909687808686}}