{"train_ressiduals": {"count": 1783.0, "mean": 7.289220015891836e-13, "std": 180.1720388830085, "min": -1476.167809874485, "25%": -59.28152337601409, "50%": -0.7081077108836098, "75%": 68.26633060405402, "max": 1362.0807630923819}, "test_ressiduals": {"count": 30.0, "mean": -267.62447214304655, "std": 1380.2918029265047, "min": -3624.2390315290177, "25%": -701.2687888764794, "50%": -167.28326419771474, "75%": 351.5796105143163, "max": 2469.2563684896013}}