{"train_ressiduals_transformed": {"count": 1629.0, "mean": -5.879180516270664e-09, "std": 8.329204821143406e-07, "min": -2.2550183267355806e-06, "25%": -5.528385749187237e-07, "50%": 2.4465720116495504e-08, "75%": 5.034706020978774e-07, "max": 2.123015853783272e-06}, "test_ressiduals_transformed": {"count": 181.0, "mean": 1.8397261359507348e-08, "std": 9.028932385127984e-07, "min": -2.121694556933562e-06, "25%": -6.609460569961811e-07, "50%": -8.297110198896007e-08, "75%": 6.599851083421981e-07, "max": 2.1221355339662296e-06}, "train_ressiduals_transformed_real": {"count": 1629.0, "mean": 0.0011402953953823121, "std": 0.0020649156866967672, "min": -0.005505794080818305, "25%": -1.9842275833070744e-05, "50%": 0.0004367977526271716, "75%": 0.0023141247629610007, "max": 0.010212738958216505}, "test_ressiduals_transformed_real": {"count": 181.0, "mean": 0.007599376536635148, "std": 0.008902823670835015, "min": -0.01367817229765933, "25%": 0.0018712103974394267, "50%": 0.006116688313341001, "75%": 0.011792803648859262, "max": 0.0389528624000377}}