{"train_ressiduals_transformed": {"count": 1635.0, "mean": 1.0859352832521947e-13, "std": 6.570650829072357e-07, "min": -2.378022919913292e-06, "25%": -4.3361717683154666e-07, "50%": 3.87126064538279e-09, "75%": 4.0769358555792223e-07, "max": 2.0142243002396754e-06}, "test_ressiduals_transformed": {"count": 181.0, "mean": 3.724883860558323e-07, "std": 1.0137474984486912e-06, "min": -2.2094450571330526e-06, "25%": -3.4446614094463257e-07, "50%": 3.4037122631502825e-07, "75%": 1.0526843823299714e-06, "max": 3.213864300022351e-06}, "train_ressiduals_real": {"count": 1635.0, "mean": 0.0009566648926183902, "std": 0.0018560428796597348, "min": -0.004622348966222489, "25%": -3.0425780636278432e-05, "50%": 0.00035438901431916747, "75%": 0.0019107180460196105, "max": 0.00947119263400964}, "test_ressiduals_real": {"count": 181.0, "mean": 0.004301607861966332, "std": 0.010136317335814856, "min": -0.022365411859937012, "25%": -0.0008871600948623382, "50%": 0.004089852354809409, "75%": 0.009888189415505622, "max": 0.032902439757890534}}