{"train_ressiduals_transformed": {"count": 1635.0, "mean": 1.8361119624381794e-16, "std": 0.06488333265339076, "min": -0.33681002530184756, "25%": -0.03873135107503778, "50%": -0.0019538920858632736, "75%": 0.041903624575361675, "max": 0.3350355484906373}, "test_ressiduals_transformed": {"count": 181.0, "mean": -2.714420205824899, "std": 2.211098213470061, "min": -5.932090600331623, "25%": -4.92416747411092, "50%": -2.9041021664937325, "75%": -0.28368171056111535, "max": 0.3413297989789186}, "train_ressiduals_real": {"count": 1635.0, "mean": 0.95925494101578, "std": 146.24027602004674, "min": -1141.093775612666, "25%": -49.77779835496153, "50%": 1.722498404599719, "75%": 48.1613340186359, "max": 1071.0989448361543}, "test_ressiduals_real": {"count": 181.0, "mean": 18540.814843709773, "std": 16379.34550505349, "min": -1161.754908425166, "25%": 1217.2028320487734, "50%": 16433.234082048773, "75%": 34600.21845704877, "max": 46399.51533204877}}