{"train_ressiduals_transformed": {"count": 1632.0, "mean": -0.744718645600112, "std": 111.98170070614906, "min": -1224.0503947455545, "25%": -35.587825282272206, "50%": -0.9525127514487224, "75%": 34.87058384111879, "max": 760.6208040940182}, "test_ressiduals_transformed": {"count": 181.0, "mean": -19719.927592938253, "std": 15609.266494227519, "min": -46516.0947717344, "25%": -34833.12864343329, "50%": -18562.362299161716, "75%": -3535.913808005629, "max": -50.07277144386353}, "train_ressiduals_real": {"count": 1632.0, "mean": -6.861915676300965e+21, "std": 3.3973856949787802e+22, "min": -5.42657545735384e+23, "25%": -3.4168783198862684e+21, "50%": -3.298434261382727e+20, "75%": -4.3798766126492346e+17, "max": -3834478719608.841}, "test_ressiduals_real": {"count": 181.0, "mean": -1.8291114692035197e+23, "std": 8.413757761521691e+22, "min": -3.098390354573535e+23, "25%": -2.5006205986334003e+23, "50%": -2.4070532639146984e+23, "75%": -1.1777308675005085e+23, "max": -1.7946032417613824e+22}}