{"train_ressiduals": {"count": 1784.0, "mean": -36.7757018404135, "std": 6994.3184808311025, "min": -43142.76663208404, "25%": -1346.4729283043544, "50%": 1112.792523916291, "75%": 4091.5018794492216, "max": 5930.5557863533695}, "test_ressiduals": {"count": 30.0, "mean": -42078.90388751325, "std": 3055.191543965879, "min": -47672.963223879735, "25%": -44769.90356251593, "50%": -41816.20390294654, "75%": -40393.639136273545, "max": -35798.67623913025}}