{"train_ressiduals_transformed": {"count": 1635.0, "mean": 1.2820190033592021e-15, "std": 3.7787674122579037e-07, "min": -1.3998162806672099e-06, "25%": -2.4211756333158974e-07, "50%": -3.4191742770417477e-09, "75%": 2.3400110382709727e-07, "max": 1.2128832835855974e-06}, "test_ressiduals_transformed": {"count": 181.0, "mean": 8.553505962938982e-08, "std": 5.958991897632216e-07, "min": -1.458119001540581e-06, "25%": -3.5255294505986967e-07, "50%": 3.7106815398146864e-08, "75%": 4.59538689767669e-07, "max": 1.335337511676471e-06}, "train_ressiduals_real": {"count": 1635.0, "mean": 0.0009564185884046129, "std": 0.001467935871047269, "min": -0.00333873031559051, "25%": 3.9139978866842284e-05, "50%": 0.0004912291742584785, "75%": 0.0017240048482562997, "max": 0.0077502462481788825}, "test_ressiduals_real": {"count": 181.0, "mean": 0.007234785312973461, "std": 0.007638705261781459, "min": -0.008820323229883797, "25%": 0.002080717466014903, "50%": 0.005669648657203652, "75%": 0.01004519491471001, "max": 0.03002949382789666}}