{"train_ressiduals": {"count": 1632.0, "mean": -0.7447186456002561, "std": 111.9817007061491, "min": -1224.0503947455545, "25%": -35.587825282272206, "50%": -0.9525127514487508, "75%": 34.87058384111742, "max": 760.6208040940164}, "test_ressiduals": {"count": 181.0, "mean": -19719.927592938253, "std": 15609.266494227519, "min": -46516.0947717344, "25%": -34833.12864343329, "50%": -18562.362299161723, "75%": -3535.913808005629, "max": -50.07277144385989}}