{"train_ressiduals_transformed": {"count": 1632.0, "mean": -0.0005071782598308488, "std": 0.015545379819701867, "min": -0.06678581237792969, "25%": -0.00880289077758789, "50%": -4.482269287109375e-05, "75%": 0.008820772171020508, "max": 0.05994987487792969}, "test_ressiduals_transformed": {"count": 181.0, "mean": -2.9640453717985205, "std": 2.065883277931641, "min": -5.979091644287109, "25%": -4.97923469543457, "50%": -3.1966476440429688, "75%": -0.6988868713378906, "max": 0.013294219970703125}, "train_ressiduals_real": {"count": 1632.0, "mean": 1.3637249282361388, "std": 28.729439156507784, "min": -114.41858077919278, "25%": -10.828272553593479, "50%": 0.016121683531935105, "75%": 12.939017167992006, "max": 169.42401280274498}, "test_ressiduals_real": {"count": 181.0, "mean": 19554.78212754291, "std": 15811.820810766929, "min": -43.34961318284877, "25%": 2929.492990777888, "50%": 17829.695150892014, "75%": 34906.672541678854, "max": 46594.34937683691}}