{"train_ressiduals_transformed": {"count": 1632.0, "mean": -6.185901464264401e-14, "std": 118.9280806444145, "min": -681.594612448629, "25%": -40.259611179074454, "50%": -1.4136519931470275, "75%": 35.28142312787247, "max": 724.7841163789017}, "test_ressiduals_transformed": {"count": 181.0, "mean": -19112.586586405137, "std": 15835.868234392468, "min": -46236.55403802215, "25%": -34474.61881639671, "50%": -17368.45730093797, "75%": -2339.0506072132375, "max": -89.78796891083402}, "train_ressiduals_real": {"count": 1632.0, "mean": -6.982321179576703e+21, "std": 3.599891107287539e+22, "min": -6.36189006207192e+23, "25%": -3.505999376092484e+21, "50%": -3.368151773228584e+20, "75%": -4.31706557635031e+17, "max": -3877290445031.3438}, "test_ressiduals_real": {"count": 181.0, "mean": -2.2891508933040986e+23, "std": 8.210957818946668e+22, "min": -3.5302341309787826e+23, "25%": -2.8419321341973224e+23, "50%": -2.7682810049039582e+23, "75%": -2.006737026801687e+23, "max": -1.8234414785485943e+22}}