{"train_ressiduals": {"count": 1784.0, "mean": -1.6721651467574017e-13, "std": 808.2198608824992, "min": -3719.7053751245203, "25%": -369.81922317014823, "50%": 11.850999276037442, "75%": 360.9725615320383, "max": 3128.7811270585335}, "test_ressiduals": {"count": 30.0, "mean": -15095.771989323317, "std": 7738.56614342017, "min": -29547.443257066807, "25%": -20080.234684440595, "50%": -14377.369778090717, "75%": -12060.139911173714, "max": -1701.2622429745243}}