{"train_ressiduals_transformed": {"count": 1635.0, "mean": -0.0005108655410439961, "std": 0.015263651362900092, "min": -0.056105613708496094, "25%": -0.008502960205078125, "50%": 0.0003414154052734375, "75%": 0.008687496185302734, "max": 0.05482673645019531}, "test_ressiduals_transformed": {"count": 181.0, "mean": -2.8908014560931297, "std": 2.0143468147336736, "min": -5.847864151000977, "25%": -4.856964111328125, "50%": -3.0663089752197266, "75%": -0.685638427734375, "max": -0.003261566162109375}, "train_ressiduals_real": {"count": 1635.0, "mean": 1.456929048827958, "std": 28.389581570135086, "min": -95.96767606243702, "25%": -11.548338324771294, "50%": -0.1832912213480995, "75%": 12.894723114065982, "max": 181.9725646093284}, "test_ressiduals_real": {"count": 181.0, "mean": 19248.735669335452, "std": 15603.681878778281, "min": 10.619795703367345, "25%": 2878.4834428775994, "50%": 17758.487117574066, "75%": 34297.76641592936, "max": 46045.565698394086}}