{"train_ressiduals_transformed": {"count": 1635.0, "mean": -0.00012841762855169707, "std": 0.028475042226580698, "min": -0.19145764456349923, "25%": -0.015782470583949326, "50%": 0.0001843471296965049, "75%": 0.016735701379744228, "max": 0.15156470164775726}, "test_ressiduals_transformed": {"count": 181.0, "mean": -2.745522837686812, "std": 2.0734766807066265, "min": -5.790875240401316, "25%": -4.785223766402293, "50%": -2.95439224231653, "75%": -0.38498359655299197, "max": 0.0237245186345163}, "train_ressiduals_real": {"count": 1635.0, "mean": 1.8114158212077536, "std": 68.7492002969627, "min": -521.0938220262342, "25%": -17.579604026932657, "50%": -0.09077213569730702, "75%": 21.017516694931146, "max": 809.9136349964501}, "test_ressiduals_real": {"count": 181.0, "mean": 18665.23793867389, "std": 15822.577681157274, "min": -71.83075800117876, "25%": 1671.7085951015288, "50%": 16812.649903391146, "75%": 34003.24463250498, "max": 45802.54150750498}}