{"train_ressiduals_transformed": {"count": 1632.0, "mean": -6.313032885123439e-17, "std": 0.06040062576741032, "min": -0.33735209459642945, "25%": -0.029080177064055412, "50%": -0.0006921639328245632, "75%": 0.027764618827117005, "max": 0.33340837498191433}, "test_ressiduals_transformed": {"count": 181.0, "mean": -2.9708168916681736, "std": 2.1076429437173365, "min": -6.043682972203573, "25%": -5.03803149820455, "50%": -3.186172450832391, "75%": -0.6674604876395769, "max": -0.04501909158649653}, "train_ressiduals_real": {"count": 1632.0, "mean": 3.198428892916096, "std": 144.63769549994248, "min": -1029.0632475504026, "25%": -37.65407329796835, "50%": 0.5646804207272567, "75%": 39.333854849482805, "max": 1072.7600537369399}, "test_ressiduals_real": {"count": 181.0, "mean": 19590.171291148938, "std": 15970.721631915154, "min": 150.23293801723594, "25%": 2806.7412414194278, "50%": 17861.175856424863, "75%": 35059.70573936077, "max": 46859.00261436077}}