{"train_ressiduals_transformed": {"count": 1632.0, "mean": -0.2747344783708161, "std": 16.978876694614506, "min": -83.32421875, "25%": -7.0340576171875, "50%": 0.79974365234375, "75%": 7.59820556640625, "max": 62.6220703125}, "test_ressiduals_transformed": {"count": 181.0, "mean": -19417.524370899515, "std": 15824.604379012078, "min": -46495.154296875, "25%": -34891.15625, "50%": -17443.80078125, "75%": -2931.4736328125, "max": -11.25390625}, "train_ressiduals_real": {"count": 1632.0, "mean": -7.092076221957935e+21, "std": 3.684107539220252e+22, "min": -6.412889398989208e+23, "25%": -3.371909658369132e+21, "50%": -3.3310571191302206e+20, "75%": -4.077609267508412e+17, "max": -3212573821625.99}, "test_ressiduals_real": {"count": 181.0, "mean": -2.0328648089821166e+23, "std": 7.913435188758508e+22, "min": -3.918160809840308e+23, "25%": -2.5567955799770917e+23, "50%": -2.3054778993856346e+23, "75%": -1.5586395806759806e+23, "max": -1.8722120585661123e+22}}