{"train_ressiduals_transformed": {"count": 1635.0, "mean": 2.248965539791143e-16, "std": 0.06432087074648483, "min": -0.3225524189586153, "25%": -0.03250257147807911, "50%": -0.0006648634507300244, "75%": 0.029390312904869376, "max": 0.36068130848608604}, "test_ressiduals_transformed": {"count": 181.0, "mean": -2.9699288535679473, "std": 2.077703862328499, "min": -6.017449845249615, "25%": -5.011798371250592, "50%": -3.16713742096281, "75%": -0.7408940521224139, "max": -0.05185099069593946}, "train_ressiduals_real": {"count": 1635.0, "mean": 3.2613143569843177, "std": 152.1124370408841, "min": -909.8479765734064, "25%": -39.6783356428914, "50%": 0.40822864306085194, "75%": 39.72993522567867, "max": 1027.3371639735797}, "test_ressiduals_real": {"count": 181.0, "mean": 19579.427513531053, "std": 15861.571320504614, "min": 155.7011942731915, "25%": 3099.584415397121, "50%": 18090.163575195584, "75%": 34952.64982358292, "max": 46751.94669858292}}