{"train_ressiduals_transformed": {"count": 1635.0, "mean": -0.0001495954729725439, "std": 0.04634574844750332, "min": -0.2159024145023949, "25%": -0.02466202074765267, "50%": -0.0014343005293753208, "75%": 0.024153214159992942, "max": 0.256400379863706}, "test_ressiduals_transformed": {"count": 181.0, "mean": -2.8902330605603597, "std": 2.0253278217197916, "min": -5.864126860371666, "25%": -4.867205956605698, "50%": -3.1057293063676603, "75%": -0.6978820850741165, "max": -0.008254295222776875}, "train_ressiduals_real": {"count": 1635.0, "mean": 2.0755163282378786, "std": 110.36302353331862, "min": -777.2947209411377, "25%": -29.66707341277902, "50%": 1.140773429030105, "75%": 32.069516300947726, "max": 914.4103718541592}, "test_ressiduals_real": {"count": 181.0, "mean": 19254.376469849507, "std": 15630.98211701631, "min": 27.226386937383722, "25%": 2932.9914496188194, "50%": 18099.04137235668, "75%": 34351.94699900714, "max": 46114.391062232564}}