{"train_ressiduals_transformed": {"count": 1632.0, "mean": 2.1769078914218755e-17, "std": 0.06430058476964959, "min": -0.3266125606498953, "25%": -0.03123113831581481, "50%": -0.0015598767449240825, "75%": 0.02846392368326711, "max": 0.3498510794202261}, "test_ressiduals_transformed": {"count": 181.0, "mean": -3.023366173312598, "std": 2.158983513960335, "min": -6.166008024795989, "25%": -5.1603565507969655, "50%": -3.220163657817558, "75%": -0.6699408136353391, "max": -0.05339152830599403}, "train_ressiduals_real": {"count": 1632.0, "mean": 3.296999945610565, "std": 153.67563496633255, "min": -1029.6976240635522, "25%": -38.59164552582615, "50%": 0.8202612155569966, "75%": 41.90227332357949, "max": 1068.3458187937176}, "test_ressiduals_real": {"count": 181.0, "mean": 19801.96434118876, "std": 16177.556696407926, "min": 160.2999692367939, "25%": 2825.6738800105213, "50%": 17889.93056784162, "75%": 35551.21871390952, "max": 47350.51558890952}}