{"train_ressiduals_transformed": {"count": 1635.0, "mean": 0.00013618989368285693, "std": 0.03605785247334719, "min": -0.18618652349312015, "25%": -0.020474938862346193, "50%": 1.7571107461478164e-05, "75%": 0.021713529978130808, "max": 0.22728485979557433}, "test_ressiduals_transformed": {"count": 181.0, "mean": -2.774446574877985, "std": 2.0662962286399296, "min": -5.821023389867527, "25%": -4.805843902882501, "50%": -3.018593907933834, "75%": -0.4402080698776025, "max": 0.0023986489850145176}, "train_ressiduals_real": {"count": 1635.0, "mean": 1.595827258933721, "std": 86.30374312754644, "min": -577.114032552523, "25%": -23.720852522664927, "50%": -0.004522035659874746, "75%": 26.745985656709763, "max": 851.1743508868785}, "test_ressiduals_real": {"count": 181.0, "mean": 18784.58891763815, "std": 15796.972243149396, "min": -7.242286671042166, "25%": 1884.9173343279035, "50%": 17078.394653988704, "75%": 34091.50922088029, "max": 45931.463498520854}}