{"train_ressiduals_transformed": {"count": 1635.0, "mean": -0.0005177458188069617, "std": 0.057369397178195614, "min": -0.26893823061232425, "25%": -0.031113002693983205, "50%": -0.0019865109778187673, "75%": 0.02703063717534171, "max": 0.35221854741743286}, "test_ressiduals_transformed": {"count": 181.0, "mean": -3.0305359698469236, "std": 1.956648197093849, "min": -5.921561439534457, "25%": -4.911207422276767, "50%": -3.193549876953604, "75%": -1.0143102168051072, "max": -0.03168266336983905}, "train_ressiduals_real": {"count": 1635.0, "mean": 2.5724936369649716, "std": 134.21561564742467, "min": -867.7004471491036, "25%": -33.55703726583806, "50%": 1.4610016246740543, "75%": 41.49802409293193, "max": 1061.3962110903049}, "test_ressiduals_real": {"count": 181.0, "mean": 19787.036005552003, "std": 15377.911569047546, "min": 96.56165485613201, "25%": 4127.490556345319, "50%": 18396.779921209156, "75%": 34536.667859000416, "max": 46355.606466505225}}