{"train_ressiduals": {"count": 1632.0, "mean": -1.2678311559641004e-13, "std": 118.92808064441455, "min": -681.5946124486272, "25%": -40.259611179074454, "50%": -1.413651993147056, "75%": 35.28142312787213, "max": 724.7841163788999}, "test_ressiduals": {"count": 181.0, "mean": -19112.586586405123, "std": 15835.868234392472, "min": -46236.55403802214, "25%": -34474.61881639671, "50%": -17368.457300937967, "75%": -2339.0506072132375, "max": -89.7879689108322}}