{"Close": 0.14490904528093632, "bitcoin": -0.03836908411025867, "bitcoin price": 0.08108124410346848, "bitcoin usd": -0.07766287413931787, "bitcoin kurs": 0.1677987202324796, "Bitcoin.com": 0.22957204754314858, "Bitcoin Gold": 0.05057748942824305, "BTC-USD": 0.07454652707951387, "Bitcoin Cash": 0.23047079649654215, "binance": -0.4645555704033597, "cryptocurrency": 0.1538437529806852, "cryptocurrency bitcoin": 0.1004883228275843, "news cryptocurrency": 0.1983631768388958, "crypto": 0.02983394700378023, "buy bitcoin": -0.4299129740526015, "bitcoin stock": 0.1475873959345792, "best cryptocurrency": 0.15587145739081443, "cryptocurrency market": 0.036283408955529756, "buy cryptocurrency": 0.1303829299362035, "what is cryptocurrency": 0.23724436003529736, "cryptocurrency exchange": 0.17705379893243411}