{"train_ressiduals_transformed": {"count": 1635.0, "mean": -1.3363418424845922e-16, "std": 0.07290995007138694, "min": -0.39451585249467414, "25%": -0.04124675234969821, "50%": -0.0031843185424804688, "75%": 0.041599163642296766, "max": 0.4875118255615227}, "test_ressiduals_transformed": {"count": 181.0, "mean": -3.3558647444483696, "std": 1.7674891325102533, "min": -5.956936029287483, "25%": -5.050169137807991, "50%": -3.2602502382718583, "75%": -1.8626345200972132, "max": 0.009054322676224302}, "train_ressiduals_real": {"count": 1635.0, "mean": 1.2605403976797018, "std": 166.76757764352877, "min": -1222.5331068648447, "25%": -53.267035868290805, "50%": 1.870336221071625, "75%": 59.47902752610935, "max": 1246.8268754165147}, "test_ressiduals_real": {"count": 181.0, "mean": 20869.255168589498, "std": 14664.21992584382, "min": -27.367460520985333, "25%": 6962.716523854015, "50%": 18790.565511004243, "75%": 34703.44832350424, "max": 46502.74519850424}}