{"train_ressiduals": {"count": 1783.0, "mean": -0.7048534583742863, "std": 197.90033801160962, "min": -1557.6593433779854, "25%": -69.75064419587306, "50%": -3.1674037230704926, "75%": 74.94269694001832, "max": 1983.5021084984328}, "test_ressiduals": {"count": 30.0, "mean": -1376.4975777722348, "std": 2368.650803521828, "min": -6586.7797581845225, "25%": -2439.900538085938, "50%": -1499.6081653645742, "75%": -156.15329504447982, "max": 3476.902540457595}}