{"train_ressiduals_transformed": {"count": 1632.0, "mean": 6.51195872824157e-13, "std": 6.179005288203014e-07, "min": -2.138225809744654e-06, "25%": -3.7915599548909995e-07, "50%": -3.775586066012693e-09, "75%": 3.83045796858994e-07, "max": 2.3182540864752355e-06}, "test_ressiduals_transformed": {"count": 181.0, "mean": 4.483153206999144e-07, "std": 9.946390135193667e-07, "min": -2.1861802252942653e-06, "25%": -2.665467455642556e-07, "50%": 4.3051841913666067e-07, "75%": 1.0807199615214813e-06, "max": 3.1484962974559494e-06}, "train_ressiduals_real": {"count": 1632.0, "mean": 0.000958939807944357, "std": 0.0017995520217964393, "min": -0.004013763653347269, "25%": -3.1086745025277196e-05, "50%": 0.00040088733305765345, "75%": 0.001883069160840023, "max": 0.008287409038530313}, "test_ressiduals_real": {"count": 181.0, "mean": 0.0036616994482715926, "std": 0.010217366868565168, "min": -0.021696690826502163, "25%": -0.0008065885758696822, "50%": 0.0032648768628860125, "75%": 0.008489869367622305, "max": 0.028814644800149836}}