{"train_ressiduals_transformed": {"count": 1632.0, "mean": 4.458307361632001e-14, "std": 132.522901585498, "min": -977.6536865234375, "25%": -53.95857940138433, "50%": -0.17412053627953128, "75%": 49.66387657752398, "max": 1007.1577758789062}, "test_ressiduals_transformed": {"count": 181.0, "mean": -19690.283545745533, "std": 13950.751752012062, "min": -44375.95703125, "25%": -32576.66015625, "50%": -16942.3046875, "75%": -6693.5433349609375, "max": 122.2427978515625}, "train_ressiduals_real": {"count": 1632.0, "mean": -7.05298968766166e+21, "std": 3.6565860624665512e+22, "min": -6.553862746544266e+23, "25%": -3.7853572627247194e+21, "50%": -3.0246730588067e+20, "75%": -4.100425187526256e+17, "max": -3782944704263.6685}, "test_ressiduals_real": {"count": 181.0, "mean": -3.2473969044636724e+23, "std": 2.749350402582171e+23, "min": -5.742656991401474e+23, "25%": -5.742656991401474e+23, "50%": -5.742656991401474e+23, "75%": -2.355588061778912e+22, "max": -1.7553425876953632e+22}}