{"train_ressiduals": {"count": 1783.0, "mean": 1.773453457372402e-10, "std": 0.00027959219075040484, "min": -0.001355499629426049, "25%": -0.0001356147090518789, "50%": -6.480186129920185e-07, "75%": 0.000142964199767448, "max": 0.0017453267901146319}, "test_ressiduals": {"count": 30.0, "mean": 0.0006833906256360934, "std": 0.001816254503671133, "min": -0.00306147123046685, "25%": -0.0003656053013401106, "50%": 0.00043908348015975207, "75%": 0.0017562008433742449, "max": 0.004530677848379128}}