{"train_ressiduals": {"count": 1629.0, "mean": -8.810904396779634e-16, "std": 2.47772975571566e-14, "min": -1.0302869668521453e-13, "25%": -1.4210854715202004e-14, "50%": 0.0, "75%": 1.4210854715202004e-14, "max": 1.0302869668521453e-13}, "test_ressiduals": {"count": 181.0, "mean": 2.6949590502724242e-14, "std": 2.1720231538486296e-14, "min": -3.552713678800501e-14, "25%": 1.4210854715202004e-14, "50%": 2.842170943040401e-14, "75%": 4.263256414560601e-14, "max": 7.815970093361102e-14}}