{"train_ressiduals": {"count": 1783.0, "mean": -0.7048534583743734, "std": 197.9003380116095, "min": -1557.6593433779854, "25%": -69.75064419586943, "50%": -3.16740372307072, "75%": 74.94269694001741, "max": 1983.5021084984328}, "test_ressiduals": {"count": 30.0, "mean": -1376.4975777722352, "std": 2368.6508035218276, "min": -6586.7797581845225, "25%": -2439.900538085938, "50%": -1499.6081653645742, "75%": -156.15329504447982, "max": 3476.902540457595}}