{"train_ressiduals_transformed": {"count": 1635.0, "mean": 3.400609729249409e-16, "std": 0.05361639381476628, "min": -0.30772381444131014, "25%": -0.03588967197028481, "50%": 0.0010980937791913448, "75%": 0.03656460090919822, "max": 0.2283080174372749}, "test_ressiduals_transformed": {"count": 181.0, "mean": -2.6560953228505175, "std": 2.2951367211483906, "min": -5.951116268451397, "25%": -4.9454647944523735, "50%": -2.850907985980694, "75%": -0.05860363353382425, "max": 0.7734705607096366}, "train_ressiduals_real": {"count": 1635.0, "mean": 0.6317493286486556, "std": 120.6677272785204, "min": -925.0445503900701, "25%": -43.27638438703161, "50%": -0.7521655005895127, "75%": 42.316198069441725, "max": 981.677416881832}, "test_ressiduals_real": {"count": 181.0, "mean": 18262.364737245607, "std": 16758.99305774307, "min": -3294.5320987491505, "25%": 206.08514073869628, "50%": 16512.33142617243, "75%": 34679.31580117243, "max": 46478.61267617243}}