{"train_ressiduals_transformed": {"count": 1632.0, "mean": 3.700743415417188e-17, "std": 0.07049970053473911, "min": -0.40543946623802185, "25%": -0.04156051635742131, "50%": -0.001853716139699202, "75%": 0.040319488032185546, "max": 0.36156864166259695}, "test_ressiduals_transformed": {"count": 181.0, "mean": -3.0936145093669305, "std": 1.5935656452225626, "min": -5.4425519307454415, "25%": -4.7205060323079415, "50%": -2.8533795674641915, "75%": -1.7996502816677094, "max": -0.001869291067123413}, "train_ressiduals_real": {"count": 1632.0, "mean": 1.1878956255392938, "std": 163.09295842566414, "min": -1222.5331068648447, "25%": -51.83312502943272, "50%": 1.1571692607365094, "75%": 52.63479575398276, "max": 1279.841793671536}, "test_ressiduals_real": {"count": 181.0, "mean": 19715.82887939386, "std": 13809.67078547516, "min": 5.647457734035925, "25%": 6995.731442109036, "50%": 16541.15735437585, "75%": 32454.04016687585, "max": 44253.33704187585}}