{"train_ressiduals": {"count": 1784.0, "mean": -0.35945214925860075, "std": 96.97810198685718, "min": -653.87109375, "25%": -41.4656982421875, "50%": 1.875, "75%": 45.1346435546875, "max": 460.8818359375}, "test_ressiduals": {"count": 30.0, "mean": -13489.475130208333, "std": 5346.887158006706, "min": -22526.6484375, "25%": -16968.6513671875, "50%": -13770.962890625, "75%": -10781.9921875, "max": -3872.41796875}}