{"train_ressiduals": {"count": 1632.0, "mean": 2.337774766797962e-10, "std": 0.00021596239367274026, "min": -0.0009481908018642571, "25%": -0.0001085576368495822, "50%": -5.0296407607675064e-06, "75%": 0.00011032341944883228, "max": 0.0010317664891772438}, "test_ressiduals": {"count": 181.0, "mean": -0.00016658332556063562, "std": 0.0014764064534183129, "min": -0.0045880747129558586, "25%": -0.0011250478055444546, "50%": -0.00010391003161203116, "75%": 0.0006216560686880257, "max": 0.004138825097470544}}