{"train_ressiduals": {"count": 1784.0, "mean": -7.405403588800336e-07, "std": 1243.9395879332324, "min": -11805.174593757263, "25%": -267.78180546708654, "50%": 211.04130884994083, "75%": 759.912854543088, "max": 2849.3487759764103}, "test_ressiduals": {"count": 30.0, "mean": -15445.567891049257, "std": 4229.597727936494, "min": -21439.409806213836, "25%": -18136.739892684313, "50%": -16683.785323898082, "75%": -12082.220660472134, "max": -7108.747760963575}}