{"train_ressiduals_transformed": {"count": 1635.0, "mean": 4.382462452737357e-13, "std": 6.660370443464515e-07, "min": -2.3969873552687204e-06, "25%": -4.386641361264765e-07, "50%": -1.3533455245351433e-08, "75%": 4.1726260668895065e-07, "max": 2.1440511197567957e-06}, "test_ressiduals_transformed": {"count": 181.0, "mean": 3.4507676405962623e-07, "std": 1.0149555534202573e-06, "min": -2.180380846539265e-06, "25%": -4.0226248643193685e-07, "50%": 3.0591922950407024e-07, "75%": 9.979812638505337e-07, "max": 3.1337852632873364e-06}, "train_ressiduals_transformed_real": {"count": 1635.0, "mean": 0.0009574785007887893, "std": 0.0018658415377847339, "min": -0.004536570579148247, "25%": -2.5209527791503206e-05, "50%": 0.00037982436560923816, "75%": 0.0019782639233199006, "max": 0.008193121206204523}, "test_ressiduals_transformed_real": {"count": 181.0, "mean": 0.004523420237664899, "std": 0.010185084898432149, "min": -0.021546195523114875, "25%": -0.0008406722008658107, "50%": 0.004141748868278228, "75%": 0.009517916674667504, "max": 0.03379584397771396}}