{"train_ressiduals_transformed": {"count": 1632.0, "mean": -1.5782582212808599e-16, "std": 0.07262229006242962, "min": -0.39451585249467414, "25%": -0.0409584641456604, "50%": -0.002767378091812489, "75%": 0.04141128518037718, "max": 0.4875118255615227}, "test_ressiduals_transformed": {"count": 181.0, "mean": -3.0996848157636467, "std": 1.6019447129718236, "min": -5.4425519307454415, "25%": -4.74820836385091, "50%": -2.8719004197554163, "75%": -1.7887266679243616, "max": 0.009054322676224302}, "train_ressiduals_real": {"count": 1632.0, "mean": 1.2569133459594433, "std": 166.81003705935927, "min": -1222.5331068648447, "25%": -51.41094346168768, "50%": 1.8155940531322585, "75%": 58.502770128776206, "max": 1246.8268754165147}, "test_ressiduals_real": {"count": 181.0, "mean": 19742.384166912212, "std": 13826.363845537577, "min": -27.367460520985333, "25%": 6962.716523854015, "50%": 16541.15735437585, "75%": 32454.04016687585, "max": 44253.33704187585}}