{"train_ressiduals_transformed": {"count": 1635.0, "mean": -1.1824517579830576e-12, "std": 6.656565340864843e-07, "min": -2.3944031823930345e-06, "25%": -4.32981178910552e-07, "50%": -9.193634298299003e-09, "75%": 4.197967280461512e-07, "max": 2.1159035554774164e-06}, "test_ressiduals_transformed": {"count": 181.0, "mean": 3.505180511416766e-07, "std": 1.0058272621257374e-06, "min": -2.150850825444195e-06, "25%": -4.06971054189853e-07, "50%": 3.503150090011786e-07, "75%": 1.0169791408998208e-06, "max": 3.1111147080764567e-06}, "train_ressiduals_real": {"count": 1635.0, "mean": 0.0009570373062002957, "std": 0.0018646837397386022, "min": -0.004489325952818035, "25%": -2.6235909047045425e-05, "50%": 0.00036238583902559185, "75%": 0.0019857774232150405, "max": 0.008331316936164512}, "test_ressiduals_real": {"count": 181.0, "mean": 0.0045454492434015585, "std": 0.010149697220260549, "min": -0.021314273464668076, "25%": -0.0008251678736996837, "50%": 0.004054414963320596, "75%": 0.009876122305286117, "max": 0.03321414635138353}}