{"Close_ewm_mean_5": 0.8152009881031153, "Close_av_mean_2": 0.1191154949129507, "news cryptocurrency_ewm_mean_6": 0.04420156913430037, "Close_ewm_mean_6": 0.0098473395389639, "crypto_ewm_mean_7": 0.004191957830733272, "Close_ewm_mean_4": 0.003000228595740559, "Close_ewm_mean_7": 0.0029556064893362303, "Close_ewm_mean_3": 0.0008686487623173441, "Close_ewm_mean_2": 0.0003590094663987602, "buy cryptocurrency_av_mean_3": 0.00010971935027883256, "bitcoin_ewn_std_6": 3.797339649610788e-05, "crypto_av_mean_4": 3.455868836226337e-05, "cryptocurrency market_av_std_4": 1.9655891035881916e-05, "Close_dinamic": 1.3958110311872481e-05, "bitcoin usd_ewn_std_2": 1.3652735270594173e-05, "Bitcoin.com_av_mean_3": 1.0643839428135376e-05, "what is cryptocurrency_av_std_2": 5.213796753200079e-06, "cryptocurrency market_ewn_std_3": 5.20632349507944e-06, "BTC-USD_ewn_std_7": 4.666260417097944e-06, "bitcoin kurs_ewm_mean_2": 3.140757357925915e-06, "Bitcoin Gold_av_mean_5": 4.2487233503463625e-07, "bitcoin usd_av_std_4": 3.431446018237698e-07, "bitcoin": 0.0, "bitcoin price": 0.0, "bitcoin usd": 0.0, "bitcoin kurs": 0.0, "Bitcoin.com": 0.0, "Bitcoin Gold": 0.0, "BTC-USD": 0.0, "Bitcoin Cash": 0.0, "binance": 0.0, "cryptocurrency": 0.0, "cryptocurrency bitcoin": 0.0, "news cryptocurrency": 0.0, "crypto": 0.0, "buy bitcoin": 0.0, "bitcoin stock": 0.0, "best cryptocurrency": 0.0, "cryptocurrency market": 0.0, "buy cryptocurrency": 0.0, "what is cryptocurrency": 0.0, "cryptocurrency exchange": 0.0, "Close-1": 0.0, "bitcoin-1": 0.0, "bitcoin price-1": 0.0, "bitcoin usd-1": 0.0, "bitcoin kurs-1": 0.0, "Bitcoin.com-1": 0.0, "Bitcoin Gold-1": 0.0, "BTC-USD-1": 0.0, "Bitcoin Cash-1": 0.0, "binance-1": 0.0, "cryptocurrency-1": 0.0, "cryptocurrency bitcoin-1": 0.0, "news cryptocurrency-1": 0.0, "crypto-1": 0.0, "buy bitcoin-1": 0.0, "bitcoin stock-1": 0.0, "best cryptocurrency-1": 0.0, "cryptocurrency market-1": 0.0, "buy cryptocurrency-1": 0.0, "what is cryptocurrency-1": 0.0, "cryptocurrency exchange-1": 0.0, "Close-2": 0.0, "bitcoin-2": 0.0, "bitcoin price-2": 0.0, "bitcoin usd-2": 0.0, "bitcoin kurs-2": 0.0, "Bitcoin.com-2": 0.0, "Bitcoin Gold-2": 0.0, "BTC-USD-2": 0.0, "Bitcoin Cash-2": 0.0, "binance-2": 0.0, "cryptocurrency-2": 0.0, "cryptocurrency bitcoin-2": 0.0, "news cryptocurrency-2": 0.0, "crypto-2": 0.0, "buy bitcoin-2": 0.0, "bitcoin stock-2": 0.0, "best cryptocurrency-2": 0.0, "cryptocurrency market-2": 0.0, "buy cryptocurrency-2": 0.0, "what is cryptocurrency-2": 0.0, "cryptocurrency exchange-2": 0.0, "Close-3": 0.0, "bitcoin-3": 0.0, "bitcoin price-3": 0.0, "bitcoin usd-3": 0.0, "bitcoin kurs-3": 0.0, "Bitcoin.com-3": 0.0, "Bitcoin Gold-3": 0.0, "BTC-USD-3": 0.0, "Bitcoin Cash-3": 0.0, "binance-3": 0.0, "cryptocurrency-3": 0.0, "cryptocurrency bitcoin-3": 0.0, "news cryptocurrency-3": 0.0, "crypto-3": 0.0, "buy bitcoin-3": 0.0, "bitcoin stock-3": 0.0, "best cryptocurrency-3": 0.0, "cryptocurrency market-3": 0.0, "buy cryptocurrency-3": 0.0, "what is cryptocurrency-3": 0.0, "cryptocurrency exchange-3": 0.0, "Close-4": 0.0, "bitcoin-4": 0.0, "bitcoin price-4": 0.0, "bitcoin usd-4": 0.0, "bitcoin kurs-4": 0.0, "Bitcoin.com-4": 0.0, "Bitcoin Gold-4": 0.0, "BTC-USD-4": 0.0, "Bitcoin Cash-4": 0.0, "binance-4": 0.0, "cryptocurrency-4": 0.0, "cryptocurrency bitcoin-4": 0.0, "news cryptocurrency-4": 0.0, "crypto-4": 0.0, "buy bitcoin-4": 0.0, "bitcoin stock-4": 0.0, "best cryptocurrency-4": 0.0, "cryptocurrency market-4": 0.0, "buy cryptocurrency-4": 0.0, "what is cryptocurrency-4": 0.0, "cryptocurrency exchange-4": 0.0, "bitcoin_av_mean_2": 0.0, "bitcoin price_av_mean_2": 0.0, "bitcoin usd_av_mean_2": 0.0, "bitcoin kurs_av_mean_2": 0.0, "Bitcoin.com_av_mean_2": 0.0, "Bitcoin Gold_av_mean_2": 0.0, "BTC-USD_av_mean_2": 0.0, "Bitcoin Cash_av_mean_2": 0.0, "binance_av_mean_2": 0.0, "cryptocurrency_av_mean_2": 0.0, "cryptocurrency bitcoin_av_mean_2": 0.0, "news cryptocurrency_av_mean_2": 0.0, "crypto_av_mean_2": 0.0, "buy bitcoin_av_mean_2": 0.0, "bitcoin stock_av_mean_2": 0.0, "best cryptocurrency_av_mean_2": 0.0, "cryptocurrency market_av_mean_2": 0.0, "buy cryptocurrency_av_mean_2": 0.0, "what is cryptocurrency_av_mean_2": 0.0, "cryptocurrency exchange_av_mean_2": 0.0, "Close_av_mean_3": 0.0, "bitcoin_av_mean_3": 0.0, "bitcoin price_av_mean_3": 0.0, "bitcoin usd_av_mean_3": 0.0, "bitcoin kurs_av_mean_3": 0.0, "Bitcoin Gold_av_mean_3": 0.0, "BTC-USD_av_mean_3": 0.0, "Bitcoin Cash_av_mean_3": 0.0, "binance_av_mean_3": 0.0, "cryptocurrency_av_mean_3": 0.0, "cryptocurrency bitcoin_av_mean_3": 0.0, "news cryptocurrency_av_mean_3": 0.0, "crypto_av_mean_3": 0.0, "buy bitcoin_av_mean_3": 0.0, "bitcoin stock_av_mean_3": 0.0, "best cryptocurrency_av_mean_3": 0.0, "cryptocurrency market_av_mean_3": 0.0, "what is cryptocurrency_av_mean_3": 0.0, "cryptocurrency exchange_av_mean_3": 0.0, "Close_av_mean_4": 0.0, "bitcoin_av_mean_4": 0.0, "bitcoin price_av_mean_4": 0.0, "bitcoin usd_av_mean_4": 0.0, "bitcoin kurs_av_mean_4": 0.0, "Bitcoin.com_av_mean_4": 0.0, "Bitcoin Gold_av_mean_4": 0.0, "BTC-USD_av_mean_4": 0.0, "Bitcoin Cash_av_mean_4": 0.0, "binance_av_mean_4": 0.0, "cryptocurrency_av_mean_4": 0.0, "cryptocurrency bitcoin_av_mean_4": 0.0, "news cryptocurrency_av_mean_4": 0.0, "buy bitcoin_av_mean_4": 0.0, "bitcoin stock_av_mean_4": 0.0, "best cryptocurrency_av_mean_4": 0.0, "cryptocurrency market_av_mean_4": 0.0, "buy cryptocurrency_av_mean_4": 0.0, "what is cryptocurrency_av_mean_4": 0.0, "cryptocurrency exchange_av_mean_4": 0.0, "Close_av_mean_5": 0.0, "bitcoin_av_mean_5": 0.0, "bitcoin price_av_mean_5": 0.0, "bitcoin usd_av_mean_5": 0.0, "bitcoin kurs_av_mean_5": 0.0, "Bitcoin.com_av_mean_5": 0.0, "BTC-USD_av_mean_5": 0.0, "Bitcoin Cash_av_mean_5": 0.0, "binance_av_mean_5": 0.0, "cryptocurrency_av_mean_5": 0.0, "cryptocurrency bitcoin_av_mean_5": 0.0, "news cryptocurrency_av_mean_5": 0.0, "crypto_av_mean_5": 0.0, "buy bitcoin_av_mean_5": 0.0, "bitcoin stock_av_mean_5": 0.0, "best cryptocurrency_av_mean_5": 0.0, "cryptocurrency market_av_mean_5": 0.0, "buy cryptocurrency_av_mean_5": 0.0, "what is cryptocurrency_av_mean_5": 0.0, "cryptocurrency exchange_av_mean_5": 0.0, "Close_av_mean_6": 0.0, "bitcoin_av_mean_6": 0.0, "bitcoin price_av_mean_6": 0.0, "bitcoin usd_av_mean_6": 0.0, "bitcoin kurs_av_mean_6": 0.0, "Bitcoin.com_av_mean_6": 0.0, "Bitcoin Gold_av_mean_6": 0.0, "BTC-USD_av_mean_6": 0.0, "Bitcoin Cash_av_mean_6": 0.0, "binance_av_mean_6": 0.0, "cryptocurrency_av_mean_6": 0.0, "cryptocurrency bitcoin_av_mean_6": 0.0, "news cryptocurrency_av_mean_6": 0.0, "crypto_av_mean_6": 0.0, "buy bitcoin_av_mean_6": 0.0, "bitcoin stock_av_mean_6": 0.0, "best cryptocurrency_av_mean_6": 0.0, "cryptocurrency market_av_mean_6": 0.0, "buy cryptocurrency_av_mean_6": 0.0, "what is cryptocurrency_av_mean_6": 0.0, "cryptocurrency exchange_av_mean_6": 0.0, "Close_av_mean_7": 0.0, "bitcoin_av_mean_7": 0.0, "bitcoin price_av_mean_7": 0.0, "bitcoin usd_av_mean_7": 0.0, "bitcoin kurs_av_mean_7": 0.0, "Bitcoin.com_av_mean_7": 0.0, "Bitcoin Gold_av_mean_7": 0.0, "BTC-USD_av_mean_7": 0.0, "Bitcoin Cash_av_mean_7": 0.0, "binance_av_mean_7": 0.0, "cryptocurrency_av_mean_7": 0.0, "cryptocurrency bitcoin_av_mean_7": 0.0, "news cryptocurrency_av_mean_7": 0.0, "crypto_av_mean_7": 0.0, "buy bitcoin_av_mean_7": 0.0, "bitcoin stock_av_mean_7": 0.0, "best cryptocurrency_av_mean_7": 0.0, "cryptocurrency market_av_mean_7": 0.0, "buy cryptocurrency_av_mean_7": 0.0, "what is cryptocurrency_av_mean_7": 0.0, "cryptocurrency exchange_av_mean_7": 0.0, "Close_av_std_2": 0.0, "bitcoin_av_std_2": 0.0, "bitcoin price_av_std_2": 0.0, "bitcoin usd_av_std_2": 0.0, "bitcoin kurs_av_std_2": 0.0, "Bitcoin.com_av_std_2": 0.0, "Bitcoin Gold_av_std_2": 0.0, "BTC-USD_av_std_2": 0.0, "Bitcoin Cash_av_std_2": 0.0, "binance_av_std_2": 0.0, "cryptocurrency_av_std_2": 0.0, "cryptocurrency bitcoin_av_std_2": 0.0, "news cryptocurrency_av_std_2": 0.0, "crypto_av_std_2": 0.0, "buy bitcoin_av_std_2": 0.0, "bitcoin stock_av_std_2": 0.0,