{"train_ressiduals": {"count": 1629.0, "mean": 0.0011240566833032844, "std": 0.001247739181086737, "min": -0.00043789892060885904, "25%": 0.00010547797205617826, "50%": 0.0006919220904819667, "75%": 0.0018957959528052015, "max": 0.007435256557073444}, "test_ressiduals": {"count": 181.0, "mean": 0.007871689123428508, "std": 0.0056545282382708855, "min": -0.00011924282262043562, "25%": 0.0032133995300682727, "50%": 0.007259616410010494, "75%": 0.010785244034195784, "max": 0.023771152147674002}}