{"train_ressiduals": {"count": 1783.0, "mean": -4.4888128859235945e-14, "std": 505.15673435170976, "min": -4698.8866005617965, "25%": -213.6085901056963, "50%": -14.78745022334715, "75%": 185.34297035484997, "max": 3830.2458618971214}, "test_ressiduals": {"count": 30.0, "mean": -1203.1278021473038, "std": 1279.4899907967565, "min": -2813.5971489113363, "25%": -2225.9034503078583, "50%": -1365.2649904595492, "75%": -535.9145698625507, "max": 1672.3998210900827}}