{"train_ressiduals_transformed": {"count": 1635.0, "mean": -1.7057371485372436e-16, "std": 0.03861896452277668, "min": -0.20476702892919363, "25%": -0.02021794855117598, "50%": -0.00020901341394008455, "75%": 0.019336545319529996, "max": 0.25738393584869}, "test_ressiduals_transformed": {"count": 181.0, "mean": -2.738343666704793, "std": 2.105085842628499, "min": -5.821472010081383, "25%": -4.815820536082359, "50%": -2.8896905724136523, "75%": -0.31070368927588277, "max": 0.0002406686959481874}, "train_ressiduals_real": {"count": 1635.0, "mean": 2.456329279314512, "std": 91.80471380495767, "min": -502.36771489244165, "25%": -25.091736896565635, "50%": 0.23085461965501963, "75%": 25.637745234165777, "max": 704.1977135986199}, "test_ressiduals_real": {"count": 181.0, "mean": 18635.934357738995, "std": 15959.640833102158, "min": -0.9768265496204549, "25%": 1355.0496024253407, "50%": 16682.6547986529, "75%": 34134.078970529765, "max": 45933.375845529765}}