{"train_ressiduals_transformed": {"count": 1635.0, "mean": -9.234882651316286e-16, "std": 0.0508179187389049, "min": -0.2933229988808108, "25%": -0.02477891983990954, "50%": -0.0009221945491866279, "75%": 0.0236920269329719, "max": 0.33093180704765857}, "test_ressiduals_transformed": {"count": 181.0, "mean": -2.7356677700538476, "std": 2.1178601440670795, "min": -5.8408118723563405, "25%": -4.835160398357317, "50%": -2.886806914378596, "75%": -0.32487482844474513, "max": 0.1432579641534275}, "train_ressiduals_real": {"count": 1635.0, "mean": 2.793265607141058, "std": 122.33409059943769, "min": -896.7828215336012, "25%": -32.11745806350291, "50%": 0.5240918165077915, "75%": 31.40695853326963, "max": 937.1926619252936}, "test_ressiduals_real": {"count": 181.0, "mean": 18628.717411499423, "std": 16007.813410618362, "min": -581.9104341365164, "25%": 1413.4483285976166, "50%": 16665.906061727874, "75%": 34216.35056854901, "max": 46015.64744354901}}