{"train_ressiduals": {"count": 1784.0, "mean": 0.0013896560083333503, "std": 1124.5407410129033, "min": -4641.275583940915, "25%": -703.1444121972384, "50%": -88.02964238433242, "75%": 635.0113466821699, "max": 4369.98194852756}, "test_ressiduals": {"count": 30.0, "mean": -1997.973548751176, "std": 3300.3195200235873, "min": -9068.945033126176, "25%": -3755.140345626176, "50%": -1504.503626876176, "75%": 244.07059187382401, "max": 3215.359654373824}}