{"train_ressiduals": {"count": 1632.0, "mean": -8.721563776192603e-14, "std": 118.9280806444144, "min": -681.5946124486272, "25%": -40.259611179074454, "50%": -1.4136519931470275, "75%": 35.281423127872074, "max": 724.7841163789017}, "test_ressiduals": {"count": 181.0, "mean": -19112.586586405137, "std": 15835.868234392468, "min": -46236.55403802215, "25%": -34474.61881639671, "50%": -17368.45730093797, "75%": -2339.0506072132375, "max": -89.7879689108322}}