{"train_ressiduals": {"count": 1632.0, "mean": -0.2747344783708161, "std": 16.978876694614506, "min": -83.32421875, "25%": -7.0340576171875, "50%": 0.79974365234375, "75%": 7.59820556640625, "max": 62.6220703125}, "test_ressiduals": {"count": 181.0, "mean": -19417.524370899515, "std": 15824.604379012078, "min": -46495.154296875, "25%": -34891.15625, "50%": -17443.80078125, "75%": -2931.4736328125, "max": -11.25390625}}