{"train_ressiduals": {"count": 1632.0, "mean": -0.744718645600155, "std": 111.98170070614906, "min": -1224.0503947455545, "25%": -35.587825282272206, "50%": -0.9525127514487508, "75%": 34.87058384111742, "max": 760.6208040940182}, "test_ressiduals": {"count": 181.0, "mean": -19719.92759293826, "std": 15609.26649422752, "min": -46516.094771734395, "25%": -34833.12864343329, "50%": -18562.362299161716, "75%": -3535.913808005629, "max": -50.07277144386171}}