{"train_ressiduals_transformed": {"count": 1635.0, "mean": -0.0005180650530240587, "std": 0.01391047623879274, "min": -0.04953193664550781, "25%": -0.008347511291503906, "50%": 0.00018310546875, "75%": 0.007662773132324219, "max": 0.04832172393798828}, "test_ressiduals_transformed": {"count": 181.0, "mean": -2.671018474009814, "std": 2.129104039482987, "min": -5.778110504150391, "25%": -4.784065246582031, "50%": -2.8392772674560547, "75%": -0.2060375213623047, "max": 0.11310195922851562}, "train_ressiduals_real": {"count": 1635.0, "mean": 1.3729382792048197, "std": 25.242435140829087, "min": -103.95570183201016, "25%": -9.709453595238756, "50%": -0.10329792178214348, "75%": 11.929047061970323, "max": 178.49000402196907}, "test_ressiduals_real": {"count": 181.0, "mean": 18357.84434160383, "std": 16049.06132501323, "min": -443.15235067209505, "25%": 911.2138385384787, "50%": 16496.062335068927, "75%": 33998.27438147923, "max": 45747.712674977556}}