{"train_ressiduals": {"count": 1632.0, "mean": 4.458307361632001e-14, "std": 132.522901585498, "min": -977.6536865234375, "25%": -53.95857940138433, "50%": -0.17412053627953128, "75%": 49.66387657752398, "max": 1007.1577758789062}, "test_ressiduals": {"count": 181.0, "mean": -19690.283545745533, "std": 13950.751752012062, "min": -44375.95703125, "25%": -32576.66015625, "50%": -16942.3046875, "75%": -6693.5433349609375, "max": 122.2427978515625}}