{"train_ressiduals_transformed": {"count": 1635.0, "mean": 5.975512303792891e-17, "std": 0.06432087074648493, "min": -0.3225524189586153, "25%": -0.032502571478077336, "50%": -0.0006648634507300244, "75%": 0.029390312904869376, "max": 0.36068130848608604}, "test_ressiduals_transformed": {"count": 181.0, "mean": -2.9699288535679487, "std": 2.0777038623285025, "min": -6.017449845249626, "25%": -5.0117983712506025, "50%": -3.167137420962817, "75%": -0.7408940521224139, "max": -0.05185099069593946}, "train_ressiduals_real": {"count": 1635.0, "mean": 3.261314356984305, "std": 152.11243704088457, "min": -909.8479765734064, "25%": -39.6783356428914, "50%": 0.4082286430628983, "75%": 39.72993522567867, "max": 1027.3371639735797}, "test_ressiduals_real": {"count": 181.0, "mean": 19579.427513531053, "std": 15861.571320504625, "min": 155.7011942731915, "25%": 3099.584415397121, "50%": 18090.163575195584, "75%": 34952.64982358295, "max": 46751.94669858295}}