{"train_ressiduals_transformed": {"count": 1635.0, "mean": -5.214992556037433e-17, "std": 0.056851072164243406, "min": -0.21666495005289832, "25%": -0.03684320989644618, "50%": 0.0006115031692210948, "75%": 0.03876774178610898, "max": 0.22017206464494876}, "test_ressiduals_transformed": {"count": 181.0, "mean": -2.7468036315110145, "std": 2.2986532405664954, "min": -6.046504974365234, "25%": -5.040853500366211, "50%": -2.9462966918945312, "75%": -0.14756532148881263, "max": 0.6753848393758126}, "train_ressiduals_real": {"count": 1635.0, "mean": 0.7238364787169572, "std": 129.65733304782475, "min": -830.0725259032806, "25%": -44.57656306588251, "50%": -0.8268269487783755, "75%": 46.44455083141747, "max": 987.4365180954119}, "test_ressiduals_real": {"count": 181.0, "mean": 18659.93613154528, "std": 16755.023042631554, "min": -2808.624028779588, "25%": 572.3345449157987, "50%": 17056.692377470412, "75%": 35071.18723972172, "max": 46870.48411472172}}