{"train_ressiduals_transformed": {"count": 1632.0, "mean": 2.337774766797962e-10, "std": 0.00021596239367274026, "min": -0.0009481908018642571, "25%": -0.0001085576368495822, "50%": -5.0296407607675064e-06, "75%": 0.00011032341944883228, "max": 0.0010317664891772438}, "test_ressiduals_transformed": {"count": 181.0, "mean": -0.00016658332556063562, "std": 0.0014764064534183129, "min": -0.0045880747129558586, "25%": -0.0011250478055444546, "50%": -0.00010391003161203116, "75%": 0.0006216560686880257, "max": 0.004138825097470544}, "train_ressiduals_real": {"count": 1632.0, "mean": -7.112940219692979e+21, "std": 3.709974603817527e+22, "min": -6.553862591205262e+23, "25%": -3.376083374801927e+21, "50%": -3.344640765887836e+20, "75%": -4.1588818498429843e+17, "max": -3097286472143.4795}, "test_ressiduals_real": {"count": 181.0, "mean": -3.618988789836919e+26, "std": 5.499312117695286e+26, "min": -2.262957403822225e+27, "25%": -5.478935162654948e+26, "50%": -3.2083530916167004e+25, "75%": -4.972053972915418e+23, "max": -1.9833270566791317e+22}}