{"train_ressiduals_transformed": {"count": 1632.0, "mean": -0.0005136716599557913, "std": 0.015357316607859016, "min": -0.06207084655761719, "25%": -0.008962154388427734, "50%": 0.0007181167602539062, "75%": 0.009019851684570312, "max": 0.04813575744628906}, "test_ressiduals_transformed": {"count": 181.0, "mean": -2.9216581945261244, "std": 2.0709950777716526, "min": -5.971157073974609, "25%": -4.917430877685547, "50%": -3.089916229248047, "75%": -0.6444263458251953, "max": 0.0062656402587890625}, "train_ressiduals_real": {"count": 1632.0, "mean": 1.539994648326201, "std": 28.6543445345009, "min": -95.50312824031425, "25%": -12.25405309533312, "50%": -0.29777835504745553, "75%": 12.672597317123405, "max": 205.37554103916045}, "test_ressiduals_real": {"count": 181.0, "mean": 19383.393387882297, "std": 15840.931606090373, "min": -20.413788971933172, "25%": 2716.2526888206485, "50%": 17528.299565727062, "75%": 34834.327291414724, "max": 46520.647702860864}}