{"train_ressiduals": {"count": 1784.0, "mean": -9.339654112376708e-13, "std": 1068.016995732743, "min": -6649.659860464242, "25%": -251.490423642672, "50%": 1.9271646855951587, "75%": 305.48856094035693, "max": 3431.136221313476}, "test_ressiduals": {"count": 30.0, "mean": -9057.442751736107, "std": 5255.540745759479, "min": -17476.936197916664, "25%": -13582.874674479164, "50%": -8615.793836805555, "75%": -4949.144422743055, "max": -13.42578125}}