{"train_ressiduals_transformed": {"count": 1635.0, "mean": -0.0005216114382495939, "std": 0.014058218029526339, "min": -0.062155723571777344, "25%": -0.007866859436035156, "50%": -4.76837158203125e-05, "75%": 0.007555961608886719, "max": 0.056972503662109375}, "test_ressiduals_transformed": {"count": 181.0, "mean": -2.775255182171395, "std": 2.088535297552741, "min": -5.827030181884766, "25%": -4.838109970092773, "50%": -2.9448165893554688, "75%": -0.44312477111816406, "max": 0.125762939453125}, "train_ressiduals_real": {"count": 1635.0, "mean": 1.3891183335018182, "std": 25.652100522057275, "min": -114.06921570913437, "25%": -10.09569729648365, "50%": 0.008916512226278428, "75%": 10.066201377806237, "max": 161.71329537995916}, "test_ressiduals_real": {"count": 181.0, "mean": 18792.914619175623, "std": 15888.253955134249, "min": -415.15309909657117, "25%": 1939.4296074638441, "50%": 16780.80610161694, "75%": 34228.86902216289, "max": 45957.05407650278}}