{"train_ressiduals_transformed": {"count": 1635.0, "mean": -3.693953060526515e-17, "std": 0.06432087074648496, "min": -0.3225524189586153, "25%": -0.032502571478077336, "50%": -0.0006648634507335771, "75%": 0.029390312904869376, "max": 0.36068130848608604}, "test_ressiduals_transformed": {"count": 181.0, "mean": -2.969928853567947, "std": 2.077703862328501, "min": -6.017449845249622, "25%": -5.011798371250599, "50%": -3.1671374209628134, "75%": -0.7408940521224139, "max": -0.051850990695935906}, "train_ressiduals_real": {"count": 1635.0, "mean": 3.2613143569849274, "std": 152.11243704088437, "min": -909.8479765734301, "25%": -39.6783356428914, "50%": 0.40822864306085194, "75%": 39.72993522567867, "max": 1027.3371639735797}, "test_ressiduals_real": {"count": 181.0, "mean": 19579.42751353105, "std": 15861.571320504629, "min": 155.7011942731915, "25%": 3099.5844153970647, "50%": 18090.163575195584, "75%": 34952.64982358295, "max": 46751.94669858295}}