{"train_ressiduals_transformed": {"count": 1635.0, "mean": -8.376581793135127e-16, "std": 0.02706927201373049, "min": -0.2045123766360497, "25%": -0.012824175671691584, "50%": 0.00012724401720731748, "75%": 0.013632636050866509, "max": 0.2259321896962767}, "test_ressiduals_transformed": {"count": 181.0, "mean": -2.7537049715020694, "std": 2.0851384955966, "min": -5.817456785891995, "25%": -4.7973166588159515, "50%": -2.9311326168475844, "75%": -0.39801006666237626, "max": -0.03081610221460096}, "train_ressiduals_real": {"count": 1635.0, "mean": 2.505370775940509, "std": 66.09878985551906, "min": -364.1466352851221, "25%": -15.95159324238557, "50%": -0.13601238314038255, "75%": 14.806178789692467, "max": 933.2075293602866}, "test_ressiduals_real": {"count": 181.0, "mean": 18702.48886960497, "std": 15872.738297704853, "min": 99.73431687280754, "25%": 1720.3703899789434, "50%": 16746.077838795893, "75%": 34041.26134112967, "max": 45916.253694295316}}