{"train_ressiduals_transformed": {"count": 1632.0, "mean": -0.0004429440771806928, "std": 0.05557731221193566, "min": -0.2581247588289841, "25%": -0.027788662748976733, "50%": -0.001122976205250481, "75%": 0.025729414599011236, "max": 0.3643975997281501}, "test_ressiduals_transformed": {"count": 181.0, "mean": -3.035236036248332, "std": 1.985484867863128, "min": -5.953338587136322, "25%": -4.951781102373317, "50%": -3.203029003688375, "75%": -0.9297248280312047, "max": -0.031067529384916526}, "train_ressiduals_real": {"count": 1632.0, "mean": 2.65336622175994, "std": 131.08918031304208, "min": -884.6517049250797, "25%": -35.226105122108265, "50%": 0.7029513218995476, "75%": 40.538452398988284, "max": 1069.4006049134805}, "test_ressiduals_real": {"count": 181.0, "mean": 19816.371081183563, "std": 15497.769229091282, "min": 94.69333893996009, "25%": 3806.609496071298, "50%": 18549.095820163086, "75%": 34705.505976413086, "max": 46487.831312945265}}