{"train_ressiduals_transformed": {"count": 1635.0, "mean": -0.0005043793891183463, "std": 0.01387401753052689, "min": -0.05436515808105469, "25%": -0.007938385009765625, "50%": 0.0002346038818359375, "75%": 0.0072269439697265625, "max": 0.05642890930175781}, "test_ressiduals_transformed": {"count": 181.0, "mean": -2.504231142075681, "std": 2.095285737568135, "min": -5.590625762939453, "25%": -4.577892303466797, "50%": -2.6513423919677734, "75%": -0.06635284423828125, "max": 0.23952865600585938}, "train_ressiduals_real": {"count": 1635.0, "mean": 1.352097894808179, "std": 25.545524224632103, "min": -96.30044792244553, "25%": -8.498741151649256, "50%": -0.11573395696268562, "75%": 11.941030312123985, "max": 131.4802905706456}, "test_ressiduals_real": {"count": 181.0, "mean": 17627.12468395016, "std": 15908.695772682628, "min": -1023.2480452204618, "25%": 267.37974483157996, "50%": 15653.879382293795, "75%": 33094.52890261108, "max": 44925.51071229672}}