{"train_ressiduals_transformed": {"count": 1635.0, "mean": 1.6948725807121657e-16, "std": 0.06432087074648486, "min": -0.3225524189586153, "25%": -0.03250257147807911, "50%": -0.0006648634507300244, "75%": 0.0293903129048676, "max": 0.3606813084860825}, "test_ressiduals_transformed": {"count": 181.0, "mean": -2.9699288535679456, "std": 2.0777038623285025, "min": -6.017449845249622, "25%": -5.011798371250599, "50%": -3.1671374209628134, "75%": -0.7408940521224068, "max": -0.05185099069593946}, "train_ressiduals_real": {"count": 1635.0, "mean": 3.2613143569845553, "std": 152.11243704088406, "min": -909.8479765734064, "25%": -39.6783356428914, "50%": 0.40822864306085194, "75%": 39.72993522567867, "max": 1027.3371639735797}, "test_ressiduals_real": {"count": 181.0, "mean": 19579.427513531045, "std": 15861.571320504634, "min": 155.7011942731915, "25%": 3099.5844153970647, "50%": 18090.163575195584, "75%": 34952.64982358295, "max": 46751.94669858295}}