{"train_ressiduals_transformed": {"count": 1635.0, "mean": -4.563118486532754e-17, "std": 0.06432087074648483, "min": -0.3225524189586153, "25%": -0.032502571478077336, "50%": -0.0006648634507335771, "75%": 0.0293903129048676, "max": 0.36068130848608604}, "test_ressiduals_transformed": {"count": 181.0, "mean": -2.969928853567947, "std": 2.077703862328499, "min": -6.017449845249615, "25%": -5.011798371250592, "50%": -3.16713742096281, "75%": -0.7408940521224139, "max": -0.051850990695935906}, "train_ressiduals_real": {"count": 1635.0, "mean": 3.2613143569849563, "std": 152.11243704088437, "min": -909.8479765734301, "25%": -39.67833564288139, "50%": 0.40822864306085194, "75%": 39.72993522567867, "max": 1027.3371639735797}, "test_ressiduals_real": {"count": 181.0, "mean": 19579.42751353105, "std": 15861.571320504614, "min": 155.7011942731915, "25%": 3099.584415397121, "50%": 18090.163575195584, "75%": 34952.64982358292, "max": 46751.94669858292}}