{"train_ressiduals": {"count": 1784.0, "mean": -5.465942286158034, "std": 694.4430635694615, "min": -4117.208090445347, "25%": -293.01626024356096, "50%": 3.6868500502002917, "75%": 270.34481641787943, "max": 3176.390255819062}, "test_ressiduals": {"count": 30.0, "mean": -9137.026624246739, "std": 5380.775152437449, "min": -16646.961101314286, "25%": -12587.727865209075, "50%": -11393.003694414514, "75%": -5906.787254623618, "max": 1161.5822744809848}}