{"train_ressiduals_transformed": {"count": 1632.0, "mean": 1.0033259626168854e-13, "std": 5.890056320759621e-07, "min": -2.3385327345692986e-06, "25%": -3.526302050360641e-07, "50%": -5.69068347999746e-10, "75%": 3.697632990906641e-07, "max": 2.0336753934202534e-06}, "test_ressiduals_transformed": {"count": 181.0, "mean": 1.232860068492053e-06, "std": 2.467166788450975e-06, "min": -4.834325942226769e-06, "25%": -4.2317467219277205e-07, "50%": 9.202433162158741e-07, "75%": 2.5019793739033958e-06, "max": 1.3232115879446837e-05}, "train_ressiduals_real": {"count": 1632.0, "mean": 0.0009574349897366063, "std": 0.0017044076118054511, "min": -0.004249245212122332, "25%": -1.8772113577369964e-05, "50%": 0.0004224773174996699, "75%": 0.0018185094618274888, "max": 0.008068935370829422}, "test_ressiduals_real": {"count": 181.0, "mean": -0.003523324172942544, "std": 0.02255539602915366, "min": -0.13013898603821872, "25%": -0.012693277923972346, "50%": 0.0010746958359959535, "75%": 0.0069832039680477465, "max": 0.05579428269993514}}