{"train_ressiduals": {"count": 1783.0, "mean": -0.4817941337238853, "std": 23.670005107368198, "min": -206.34375, "25%": -10.8756103515625, "50%": 0.51678466796875, "75%": 10.808837890625, "max": 91.0107421875}, "test_ressiduals": {"count": 30.0, "mean": -218.1125, "std": 1238.843523210086, "min": -3292.01171875, "25%": -542.04296875, "50%": 36.197265625, "75%": 377.7626953125, "max": 2320.3828125}}